<?xml version="1.0" encoding="utf-8"?><emojis>	<catalog id="0x11" name="emoji_custom_all">		<emoji md5="9bd1281af3a31710a45b84d736363691" name="jsb.png" type="0x1">49</emoji>		<emoji md5="08f223fa83f1ca34e143d1e580252c7c" name="dice.png" type="0x1">50</emoji>		<emoji md5="c0059fa4f781a2a500ec03fade10e9b1" name="icon_002.gif" type="0x2"></emoji>		<emoji md5="e6f269a19ff2fb61fdb847b39c86ebca" name="icon_007.gif" type="0x2"></emoji>		<emoji md5="d629cb3c544fb719405f2b9f16ed6e6c" name="icon_010.gif" type="0x2"></emoji>		<emoji md5="e2e2e96798bfbd55b35c3111d89b2e17" name="icon_012.gif" type="0x2"></emoji>		<emoji md5="d13e21be9fd71777f727e0c34b0d3994" name="icon_013.gif" type="0x2"></emoji>		<emoji md5="68f9864ca5c0a5d823ed7184e113a4aa" name="icon_018.gif" type="0x2"><![CDATA[icon_018_cover.png]]></emoji>		<emoji md5="1483ce786912099e29551915e0bc2125" name="icon_019.gif" type="0x2"><![CDATA[icon_019_cover.png]]></emoji>		<emoji md5="31574013280aac3897722cc7e3e49ee4" name="icon_021.gif" type="0x2"><![CDATA[icon_021_cover.png]]></emoji>		<emoji md5="a00d1de64298d9eaa145ec848a9cc8af" name="icon_022.gif" type="0x2"><![CDATA[icon_022_cover.png]]></emoji>		<emoji md5="6257411b26d5aa873762490769625bb9" name="icon_024.gif" type="0x2"><![CDATA[icon_024_cover.png]]></emoji>		<emoji md5="5a7fc462d63ef845e6d99c1523bbc91e" name="icon_027.gif" type="0x2"><![CDATA[icon_027_cover.png]]></emoji>		<emoji md5="72ebfa527add152c6872219044b151c3" name="icon_029.gif" type="0x2"><![CDATA[icon_029_cover.png]]></emoji>		<emoji md5="6a9284bc5ce0bf059375e970a49fa2c5" name="icon_030.gif" type="0x2"><![CDATA[icon_030_cover.png]]></emoji>		<emoji md5="6ae79b62bab61132981f1e85ad7070c4" name="icon_035.gif" type="0x2"><![CDATA[icon_035_cover.png]]></emoji>		<emoji md5="aab84584b5a3f262286cb38bb107b53e" name="icon_040.gif" type="0x2"><![CDATA[icon_040_cover.png]]></emoji>		<emoji md5="bb82ce58f5ed6fdd2b5e34fc2a8e347a" name="icon_020.gif" type="0x2"><![CDATA[icon_020_cover.png]]></emoji>	</catalog>	<catalog id="0x31" name="emoji_game_jsb">		<emoji md5="514914788fc461e7205bf0b6ba496c49" name="jsb_j.png" type="0x1"><![CDATA[<gameext type="1" content="1" ></gameext>]]></emoji>		<emoji md5="f790e342a02e0f99d34b316547f9aeab" name="jsb_s.png" type="0x1"><![CDATA[<gameext type="1" content="2" ></gameext>]]></emoji>		<emoji md5="091577322c40c05aa3dd701da29d6423" name="jsb_b.png" type="0x1"><![CDATA[<gameext type="1" content="3" ></gameext>]]></emoji>	</catalog>	<catalog id="0x32" name="emoji_game_dice">		<emoji md5="da1c289d4e363f3ce1ff36538903b92f" name="dice_1.png" type="0x1"><![CDATA[<gameext type="2" content="4" ></gameext>]]></emoji>		<emoji md5="9e3f303561566dc9342a3ea41e6552a6" name="dice_2.png" type="0x1"><![CDATA[<gameext type="2" content="5" ></gameext>]]></emoji>		<emoji md5="dbcc51db2765c1d0106290bae6326fc4" name="dice_3.png" type="0x1"><![CDATA[<gameext type="2" content="6" ></gameext>]]></emoji>		<emoji md5="9a21c57defc4974ab5b7c842e3232671" name="dice_4.png" type="0x1"><![CDATA[<gameext type="2" content="7" ></gameext>]]></emoji>		<emoji md5="3a8e16d650f7e66ba5516b2780512830" name="dice_5.png" type="0x1"><![CDATA[<gameext type="2" content="8" ></gameext>]]></emoji>		<emoji md5="5ba8e9694b853df10b9f2a77b312cc09" name="dice_6.png" type="0x1"><![CDATA[<gameext type="2" content="9" ></gameext>]]></emoji>	</catalog></emojis>